<?xml version="1.0" encoding="UTF-8"?> 
<!DOCTYPE tiles-definitions PUBLIC "-//Apache Software Foundation//DTD Tiles Configuration 3.0//EN" "http://tiles.apache.org/dtds/tiles-config_3_0.dtd">
<tiles-definitions>

	<definition name="intro"
		template="/WEB-INF/views/template/client/mainLayout.jsp">
		<put-attribute name="title" value="Yeop's Restaurant" />
		<put-attribute name="menu"
			value="/WEB-INF/views/template/client/menu.jsp" />
		<put-attribute name="footer"
			value="/WEB-INF/views/template/client/footer.jsp" />
	</definition>

	<definition name="login"
		template="/WEB-INF/views/template/client/contentLayout.jsp">
		<put-attribute name="title" value="Yeop's Restaurant" />
		<put-attribute name="menu"
			value="/WEB-INF/views/template/client/menu.jsp" />
		<put-attribute name="body" value="/WEB-INF/views/user/login.jsp" />
		<put-attribute name="footer"
			value="/WEB-INF/views/template/client/footer.jsp" />
	</definition>

	<definition name="register"
		template="/WEB-INF/views/template/client/contentLayout.jsp">
		<put-attribute name="title" value="Yeop's Restaurant" />
		<put-attribute name="menu"
			value="/WEB-INF/views/template/client/menu.jsp" />
		<put-attribute name="body" value="/WEB-INF/views/user/register.jsp" />
		<put-attribute name="footer"
			value="/WEB-INF/views/template/client/footer.jsp" />
	</definition>

	<!-- <definition name="board/*" extends="content"> <put-attribute name="title" 
		value="기본 게시판" /> <put-attribute name="body" value="/WEB-INF/views/board/{1}.jsp" 
		/> </definition> <definition name="replies/*" extends="content"> <put-attribute 
		name="body" value="/WEB-INF/views/board/reply.jsp" /> </definition> -->

</tiles-definitions> 